{
  "name" : "IICS-CLI-2019-08-08T10:22:32Z",
  "sourceOrgId" : "3gmXKQrBiIZl6TqWtaFNmK",
  "sourceOrgName" : "ust global",
  "exportedObjects" : [ {
    "objectGuid" : "7ZcrOXiq96KlgoG0ZKPumS",
    "objectName" : "FF_Source",
    "objectType" : "Connection",
    "path" : "/SYS",
    "metadata" : {
      "modelVersion" : {
        "major" : 0,
        "minor" : 0
      },
      "repoInfo" : {
        "repoHandle" : "0106060B000000000002"
      },
      "objectRefs" : [ "1h5ajiTsm1rjZN4fgiarys" ],
      "contextAttributes" : [ {
        "name" : "id",
        "value" : "@1"
      } ],
      "additionalInfo" : {
        "description" : null,
        "contentType" : "JSON",
        "documentState" : "COMPLETE"
      }
    }
  }, {
    "objectGuid" : "iR3GiGJ9CUBkVqFIsFBZgD",
    "objectName" : "tf_sample_employee",
    "objectType" : "WORKFLOW",
    "path" : "/Explore/Default",
    "metadata" : {
      "modelVersion" : {
        "major" : 0,
        "minor" : 0
      },
      "repoInfo" : {
        "repoHandle" : "0106060N000000000002"
      },
      "objectRefs" : [ "5Y04Js8LIyjkoPp3mXilAp" ],
      "contextAttributes" : [ {
        "name" : "id",
        "value" : "@1"
      } ],
      "additionalInfo" : {
        "description" : null,
        "contentType" : "JSON",
        "documentState" : "VALID"
      }
    }
  }, {
    "objectGuid" : "1kuViokRxQzaZLgC4wtpaS",
    "objectName" : "Default",
    "objectType" : "Project",
    "path" : "/Explore",
    "metadata" : {
      "modelVersion" : {
        "major" : 0,
        "minor" : 0
      },
      "repoInfo" : null,
      "objectRefs" : [ ],
      "contextAttributes" : [ {
        "name" : "IS_DEF_LOC",
        "value" : "true"
      } ],
      "additionalInfo" : {
        "description" : "Auto-generated Default Project",
        "contentType" : null,
        "documentState" : "COMPLETE"
      }
    }
  }, {
    "objectGuid" : "isLTDK7dEGahvkfLajhtqF",
    "objectName" : "FF_Target",
    "objectType" : "Connection",
    "path" : "/SYS",
    "metadata" : {
      "modelVersion" : {
        "major" : 0,
        "minor" : 0
      },
      "repoInfo" : {
        "repoHandle" : "0106060B000000000003"
      },
      "objectRefs" : [ "1h5ajiTsm1rjZN4fgiarys" ],
      "contextAttributes" : [ {
        "name" : "id",
        "value" : "@1"
      } ],
      "additionalInfo" : {
        "description" : null,
        "contentType" : "JSON",
        "documentState" : "COMPLETE"
      }
    }
  }, {
    "objectGuid" : "5Y04Js8LIyjkoPp3mXilAp",
    "objectName" : "mt_sample_employee",
    "objectType" : "MTT",
    "path" : "/Explore/Default",
    "metadata" : {
      "modelVersion" : {
        "major" : 0,
        "minor" : 0
      },
      "repoInfo" : {
        "repoHandle" : "0106060Z000000000002"
      },
      "objectRefs" : [ "7ZcrOXiq96KlgoG0ZKPumS", "isLTDK7dEGahvkfLajhtqF", "1h5ajiTsm1rjZN4fgiarys", "iD0asIwkVGrbd3SOeLyqiU" ],
      "contextAttributes" : [ {
        "name" : "id",
        "value" : "@1"
      } ],
      "additionalInfo" : {
        "description" : "",
        "contentType" : "JSON",
        "documentState" : "VALID"
      }
    }
  }, {
    "objectGuid" : "1h5ajiTsm1rjZN4fgiarys",
    "objectName" : "absjenkins",
    "objectType" : "AgentGroup",
    "path" : "/SYS",
    "metadata" : {
      "modelVersion" : {
        "major" : 0,
        "minor" : 0
      },
      "repoInfo" : {
        "repoHandle" : "01060625000000000002"
      },
      "objectRefs" : [ ],
      "contextAttributes" : [ {
        "name" : "id",
        "value" : "@1"
      } ],
      "additionalInfo" : {
        "description" : null,
        "contentType" : "JSON",
        "documentState" : "VALID"
      }
    }
  }, {
    "objectGuid" : "iD0asIwkVGrbd3SOeLyqiU",
    "objectName" : "m_sample_employee",
    "objectType" : "DTEMPLATE",
    "path" : "/Explore/Default",
    "metadata" : {
      "modelVersion" : {
        "major" : 0,
        "minor" : 0
      },
      "repoInfo" : {
        "repoHandle" : "01060617000000000002"
      },
      "objectRefs" : [ "7ZcrOXiq96KlgoG0ZKPumS", "isLTDK7dEGahvkfLajhtqF" ],
      "contextAttributes" : [ {
        "name" : "id",
        "value" : "@1"
      } ],
      "additionalInfo" : {
        "description" : "",
        "contentType" : "JSON",
        "documentState" : "VALID"
      }
    }
  } ]
}