{
  "name" : "IICS-CLI-2019-07-09T10:03:56Z",
  "sourceOrgId" : "gdWUkg5mGCvisK3EBYnRci",
  "sourceOrgName" : "Red Panthers",
  "exportedObjects" : [ {
    "objectGuid" : "l2Kx4W2tNg0kArEntr4Vw9",
    "objectName" : "m_Sample_Mapping_Employee",
    "objectType" : "DTEMPLATE",
    "path" : "/Explore/Default",
    "metadata" : {
      "modelVersion" : {
        "major" : 0,
        "minor" : 0
      },
      "repoInfo" : {
        "repoHandle" : "01059Q17000000000003"
      },
      "objectRefs" : [ "1DF7EEQNHUOktxg6b8jaSZ", "4Kw10nayFdPkwYJDqnAeir" ],
      "contextAttributes" : [ {
        "name" : "id",
        "value" : "@1"
      } ],
      "additionalInfo" : {
        "description" : "",
        "contentType" : "JSON",
        "documentState" : "VALID"
      }
    }
  }, {
    "objectGuid" : "1DF7EEQNHUOktxg6b8jaSZ",
    "objectName" : "Jenkins_FF",
    "objectType" : "Connection",
    "path" : "/SYS",
    "metadata" : {
      "modelVersion" : {
        "major" : 0,
        "minor" : 0
      },
      "repoInfo" : {
        "repoHandle" : "01059Q0B000000000003"
      },
      "objectRefs" : [ "9uZ7QOEmrMae9SZ7TEYYIy" ],
      "contextAttributes" : [ {
        "name" : "id",
        "value" : "@1"
      } ],
      "additionalInfo" : {
        "description" : null,
        "contentType" : "JSON",
        "documentState" : "COMPLETE"
      }
    }
  }, {
    "objectGuid" : "5sXlEMwEmcFijWJ0SSXsyg",
    "objectName" : "tf_sample_employee",
    "objectType" : "WORKFLOW",
    "path" : "/Explore/Default",
    "metadata" : {
      "modelVersion" : {
        "major" : 0,
        "minor" : 0
      },
      "repoInfo" : {
        "repoHandle" : "01059Q0N000000000002"
      },
      "objectRefs" : [ "88k4kBNu4OebsaRStPzrWr" ],
      "contextAttributes" : [ {
        "name" : "id",
        "value" : "@1"
      } ],
      "additionalInfo" : {
        "description" : null,
        "contentType" : "JSON",
        "documentState" : "VALID"
      }
    }
  }, {
    "objectGuid" : "9uZ7QOEmrMae9SZ7TEYYIy",
    "objectName" : "absjenkins",
    "objectType" : "AgentGroup",
    "path" : "/SYS",
    "metadata" : {
      "modelVersion" : {
        "major" : 0,
        "minor" : 0
      },
      "repoInfo" : {
        "repoHandle" : "01059Q25000000000002"
      },
      "objectRefs" : [ ],
      "contextAttributes" : [ {
        "name" : "id",
        "value" : "@1"
      } ],
      "additionalInfo" : {
        "description" : null,
        "contentType" : "JSON",
        "documentState" : "VALID"
      }
    }
  }, {
    "objectGuid" : "4Kw10nayFdPkwYJDqnAeir",
    "objectName" : "Jenkinns_FF_Tgt",
    "objectType" : "Connection",
    "path" : "/SYS",
    "metadata" : {
      "modelVersion" : {
        "major" : 0,
        "minor" : 0
      },
      "repoInfo" : {
        "repoHandle" : "01059Q0B000000000004"
      },
      "objectRefs" : [ "9uZ7QOEmrMae9SZ7TEYYIy" ],
      "contextAttributes" : [ {
        "name" : "id",
        "value" : "@1"
      } ],
      "additionalInfo" : {
        "description" : null,
        "contentType" : "JSON",
        "documentState" : "COMPLETE"
      }
    }
  }, {
    "objectGuid" : "88k4kBNu4OebsaRStPzrWr",
    "objectName" : "mct_Sample_Mapping_Employee",
    "objectType" : "MTT",
    "path" : "/Explore/Default",
    "metadata" : {
      "modelVersion" : {
        "major" : 0,
        "minor" : 0
      },
      "repoInfo" : {
        "repoHandle" : "01059Q0Z000000000003"
      },
      "objectRefs" : [ "l2Kx4W2tNg0kArEntr4Vw9", "1DF7EEQNHUOktxg6b8jaSZ", "4Kw10nayFdPkwYJDqnAeir", "9uZ7QOEmrMae9SZ7TEYYIy" ],
      "contextAttributes" : [ {
        "name" : "id",
        "value" : "@1"
      } ],
      "additionalInfo" : {
        "description" : "",
        "contentType" : "JSON",
        "documentState" : "VALID"
      }
    }
  }, {
    "objectGuid" : "hhmo1ChxceAf8cfCtbfdM8",
    "objectName" : "Default",
    "objectType" : "Project",
    "path" : "/Explore",
    "metadata" : {
      "modelVersion" : {
        "major" : 0,
        "minor" : 0
      },
      "repoInfo" : null,
      "objectRefs" : [ ],
      "contextAttributes" : [ {
        "name" : "IS_DEF_LOC",
        "value" : "true"
      } ],
      "additionalInfo" : {
        "description" : "Auto-generated Default Project",
        "contentType" : null,
        "documentState" : "COMPLETE"
      }
    }
  } ]
}